{"offline_id": "9c9c8036e91f46c7a3f3ecfd205723b4", "project_name": "yolov5", "start_time": 1721452285976, "stop_time": 1721452295191, "tags": [], "workspace": null, "resume_strategy": "create", "customer_error_reported": true, "customer_error_message": "Unexpected error detected in the user script: UnicodeDecodeError('cp949', b\"train: ../input/merged/images/train\\nval: ../input/merged/images/val\\n\\nnc: 1  # \\xed\\x81\\xb4\\xeb\\x9e\\x98\\xec\\x8a\\xa4 \\xec\\x88\\x98\\nnames: ['face']\", 78, 79, 'illegal multibyte sequence')", "user_provided_experiment_key": false, "comet_start_sourced": false}