{"payload":{"installed_packages":["asttokens==2.4.1","attrs==23.2.0","certifi==2024.7.4","charset-normalizer==3.3.2","colorama==0.4.6","colorama==0.4.6","comet-ml==3.44.1","comm==0.2.2","configobj==5.0.8","contourpy==1.2.1","cycler==0.12.1","debugpy==1.8.1","decorator==5.1.1","dulwich==0.22.1","everett==3.1.0","executing==2.0.1","filelock==3.15.4","fonttools==4.53.1","fsspec==2024.6.1","gitdb==4.0.11","gitpython==3.1.43","idna==3.7","intel-openmp==2021.4.0","ipykernel==6.29.4","ipython==8.25.0","jedi==0.19.1","jinja2==3.1.4","jsonschema==4.23.0","jsonschema-specifications==2023.12.1","jupyter_client==8.6.2","jupyter_core==5.7.2","kiwisolver==1.4.5","markdown-it-py==3.0.0","markupsafe==2.1.5","matplotlib==3.9.1","matplotlib-inline==0.1.7","mdurl==0.1.2","mkl==2021.4.0","mpmath==1.3.0","nest-asyncio==1.6.0","networkx==3.3","numpy==1.26.4","opencv-python==4.10.0.84","packaging==24.0","pandas==2.2.2","parso==0.8.4","pillow==10.4.0","pip==24.0","platformdirs==4.2.2","prompt_toolkit==3.0.46","psutil==5.9.8","pure-eval==0.2.2","py-cpuinfo==9.0.0","pygments==2.18.0","pyparsing==3.1.2","python-box==6.1.0","python-dateutil==2.9.0.post0","pytz==2024.1","pywin32==306","pyyaml==6.0.1","pyzmq==26.0.3","referencing==0.35.1","requests==2.32.3","requests-toolbelt==1.0.0","rich==13.7.1","rpds-py==0.19.0","scipy==1.14.0","seaborn==0.13.2","semantic-version==2.10.0","sentry-sdk==2.10.0","setuptools==69.5.1","simplejson==3.19.2","six==1.16.0","smmap==5.0.1","stack-data==0.6.3","sympy==1.13.1","tbb==2021.13.0","thop==0.1.1-2209072238","torch==2.3.1","torchvision==0.18.1","tornado==6.4.1","tqdm==4.66.4","traitlets==5.14.3","typing_extensions==4.12.2","tzdata==2024.1","ultralytics==8.2.60","ultralytics-thop==2.0.0","urllib3==2.2.2","wcwidth==0.2.13","wheel==0.43.0","wrapt==1.16.0","wurlitzer==3.1.1"],"message_id":1},"type":"installed_packages"}
{"payload":{"command":["train.py"],"env":null,"hostname":"DESKTOP-LF26T1D","ip":"192.168.0.15","machine":"AMD64","message_id":2,"os":"Windows-10-10.0.19045-SP0","os_release":"10","os_type":"Windows","pid":10976,"processor":"AMD64 Family 25 Model 33 Stepping 2, AuthenticAMD","python_exe":"C:\\Users\\shun2\\anaconda3\\envs\\yolo\\python.exe","python_version":"3.12.4","python_version_verbose":"3.12.4 | packaged by Anaconda, Inc. | (main, Jun 18 2024, 15:03:56) [MSC v.1929 64 bit (AMD64)]","user":"shun2"},"type":"system_details"}
{"payload":{"gpu_static_info":[{"gpu_index":0,"name":"NVIDIA GeForce RTX 3060 Ti","power_limit":200000,"total_memory":8589934592,"uuid":"GPU-f281a605-0208-e36f-8d14-746976bf74ac"}],"message_id":3},"type":"gpu_static_info"}
{"payload":{"local_timestamp":1721452289194,"message_id":4,"metric":{"epoch":null,"metricName":"sys.gpu.0.total_memory","metricValue":8589934592,"step":null}},"type":"metric_msg"}
{"payload":{"key":"offline_experiment","message_id":5,"value":true},"type":"log_other"}
{"payload":{"key":"Name","message_id":6,"value":"exp"},"type":"log_other"}
{"payload":{"local_timestamp":1721452289196,"message_id":7,"output":"Traceback (most recent call last):\n","stderr":true},"type":"standard_output"}
{"payload":{"local_timestamp":1721452289196,"message_id":8,"output":"  File \"C:\\Users\\shun2\\Dropbox\\bootcamp\\project\\Team_Github\\yolov5-test\\train.py\", line 995, in <module>\n","stderr":true},"type":"standard_output"}
{"payload":{"local_timestamp":1721452289197,"message_id":9,"output":"    ","stderr":true},"type":"standard_output"}
{"payload":{"local_timestamp":1721452289197,"message_id":10,"output":"main(opt)","stderr":true},"type":"standard_output"}
{"payload":{"local_timestamp":1721452289197,"message_id":11,"output":"\n","stderr":true},"type":"standard_output"}
{"payload":{"local_timestamp":1721452289197,"message_id":12,"output":"  File \"C:\\Users\\shun2\\Dropbox\\bootcamp\\project\\Team_Github\\yolov5-test\\train.py\", line 688, in main\n","stderr":true},"type":"standard_output"}
{"payload":{"local_timestamp":1721452289198,"message_id":13,"output":"    ","stderr":true},"type":"standard_output"}
{"payload":{"local_timestamp":1721452289198,"message_id":14,"output":"train(opt.hyp, opt, device, callbacks)","stderr":true},"type":"standard_output"}
{"payload":{"local_timestamp":1721452289198,"message_id":15,"output":"\n","stderr":true},"type":"standard_output"}
{"payload":{"local_timestamp":1721452289198,"message_id":16,"output":"  File \"C:\\Users\\shun2\\Dropbox\\bootcamp\\project\\Team_Github\\yolov5-test\\train.py\", line 180, in train\n","stderr":true},"type":"standard_output"}
{"payload":{"local_timestamp":1721452289199,"message_id":17,"output":"    ","stderr":true},"type":"standard_output"}
{"payload":{"local_timestamp":1721452289199,"message_id":18,"output":"loggers = Loggers(","stderr":true},"type":"standard_output"}
{"payload":{"local_timestamp":1721452289199,"message_id":19,"output":"\n","stderr":true},"type":"standard_output"}
{"payload":{"local_timestamp":1721452289199,"message_id":20,"output":" ","stderr":true},"type":"standard_output"}
{"payload":{"local_timestamp":1721452289199,"message_id":21,"output":" ","stderr":true},"type":"standard_output"}
{"payload":{"local_timestamp":1721452289199,"message_id":22,"output":" ","stderr":true},"type":"standard_output"}
{"payload":{"local_timestamp":1721452289199,"message_id":23,"output":" ","stderr":true},"type":"standard_output"}
{"payload":{"local_timestamp":1721452289199,"message_id":24,"output":" ","stderr":true},"type":"standard_output"}
{"payload":{"local_timestamp":1721452289199,"message_id":25,"output":" ","stderr":true},"type":"standard_output"}
{"payload":{"local_timestamp":1721452289199,"message_id":26,"output":" ","stderr":true},"type":"standard_output"}
{"payload":{"local_timestamp":1721452289199,"message_id":27,"output":" ","stderr":true},"type":"standard_output"}
{"payload":{"local_timestamp":1721452289199,"message_id":28,"output":" ","stderr":true},"type":"standard_output"}
{"payload":{"local_timestamp":1721452289199,"message_id":29,"output":" ","stderr":true},"type":"standard_output"}
{"payload":{"local_timestamp":1721452289199,"message_id":30,"output":" ","stderr":true},"type":"standard_output"}
{"payload":{"local_timestamp":1721452289199,"message_id":31,"output":" ","stderr":true},"type":"standard_output"}
{"payload":{"local_timestamp":1721452289199,"message_id":32,"output":" ","stderr":true},"type":"standard_output"}
{"payload":{"local_timestamp":1721452289199,"message_id":33,"output":" ","stderr":true},"type":"standard_output"}
{"payload":{"local_timestamp":1721452289199,"message_id":34,"output":"^","stderr":true},"type":"standard_output"}
{"payload":{"local_timestamp":1721452289199,"message_id":35,"output":"^","stderr":true},"type":"standard_output"}
{"payload":{"local_timestamp":1721452289199,"message_id":36,"output":"^","stderr":true},"type":"standard_output"}
{"payload":{"local_timestamp":1721452289199,"message_id":37,"output":"^","stderr":true},"type":"standard_output"}
{"payload":{"local_timestamp":1721452289199,"message_id":38,"output":"^","stderr":true},"type":"standard_output"}
{"payload":{"local_timestamp":1721452289199,"message_id":39,"output":"^","stderr":true},"type":"standard_output"}
{"payload":{"local_timestamp":1721452289199,"message_id":40,"output":"^","stderr":true},"type":"standard_output"}
{"payload":{"local_timestamp":1721452289199,"message_id":41,"output":"^","stderr":true},"type":"standard_output"}
{"payload":{"local_timestamp":1721452289199,"message_id":42,"output":"\n","stderr":true},"type":"standard_output"}
{"payload":{"local_timestamp":1721452289199,"message_id":43,"output":"  File \"C:\\Users\\shun2\\Dropbox\\bootcamp\\project\\Team_Github\\yolov5-test\\utils\\loggers\\__init__.py\", line 152, in __init__\n","stderr":true},"type":"standard_output"}
{"payload":{"local_timestamp":1721452289200,"message_id":44,"output":"    ","stderr":true},"type":"standard_output"}
{"payload":{"local_timestamp":1721452289200,"message_id":45,"output":"self.comet_logger = CometLogger(self.opt, self.hyp)","stderr":true},"type":"standard_output"}
{"payload":{"local_timestamp":1721452289200,"message_id":46,"output":"\n","stderr":true},"type":"standard_output"}
{"payload":{"local_timestamp":1721452289200,"message_id":47,"output":" ","stderr":true},"type":"standard_output"}
{"payload":{"local_timestamp":1721452289200,"message_id":48,"output":" ","stderr":true},"type":"standard_output"}
{"payload":{"local_timestamp":1721452289200,"message_id":49,"output":" ","stderr":true},"type":"standard_output"}
{"payload":{"local_timestamp":1721452289200,"message_id":50,"output":" ","stderr":true},"type":"standard_output"}
{"payload":{"local_timestamp":1721452289200,"message_id":51,"output":" ","stderr":true},"type":"standard_output"}
{"payload":{"local_timestamp":1721452289200,"message_id":52,"output":" ","stderr":true},"type":"standard_output"}
{"payload":{"local_timestamp":1721452289200,"message_id":53,"output":" ","stderr":true},"type":"standard_output"}
{"payload":{"local_timestamp":1721452289200,"message_id":54,"output":" ","stderr":true},"type":"standard_output"}
{"payload":{"local_timestamp":1721452289200,"message_id":55,"output":" ","stderr":true},"type":"standard_output"}
{"payload":{"local_timestamp":1721452289200,"message_id":56,"output":" ","stderr":true},"type":"standard_output"}
{"payload":{"local_timestamp":1721452289200,"message_id":57,"output":" ","stderr":true},"type":"standard_output"}
{"payload":{"local_timestamp":1721452289200,"message_id":58,"output":" ","stderr":true},"type":"standard_output"}
{"payload":{"local_timestamp":1721452289200,"message_id":59,"output":" ","stderr":true},"type":"standard_output"}
{"payload":{"local_timestamp":1721452289200,"message_id":60,"output":" ","stderr":true},"type":"standard_output"}
{"payload":{"local_timestamp":1721452289200,"message_id":61,"output":" ","stderr":true},"type":"standard_output"}
{"payload":{"local_timestamp":1721452289200,"message_id":62,"output":" ","stderr":true},"type":"standard_output"}
{"payload":{"local_timestamp":1721452289200,"message_id":63,"output":" ","stderr":true},"type":"standard_output"}
{"payload":{"local_timestamp":1721452289200,"message_id":64,"output":" ","stderr":true},"type":"standard_output"}
{"payload":{"local_timestamp":1721452289200,"message_id":65,"output":" ","stderr":true},"type":"standard_output"}
{"payload":{"local_timestamp":1721452289200,"message_id":66,"output":" ","stderr":true},"type":"standard_output"}
{"payload":{"local_timestamp":1721452289200,"message_id":67,"output":" ","stderr":true},"type":"standard_output"}
{"payload":{"local_timestamp":1721452289200,"message_id":68,"output":" ","stderr":true},"type":"standard_output"}
{"payload":{"local_timestamp":1721452289200,"message_id":69,"output":" ","stderr":true},"type":"standard_output"}
{"payload":{"local_timestamp":1721452289200,"message_id":70,"output":" ","stderr":true},"type":"standard_output"}
{"payload":{"local_timestamp":1721452289200,"message_id":71,"output":"^","stderr":true},"type":"standard_output"}
{"payload":{"local_timestamp":1721452289200,"message_id":72,"output":"^","stderr":true},"type":"standard_output"}
{"payload":{"local_timestamp":1721452289200,"message_id":73,"output":"^","stderr":true},"type":"standard_output"}
{"payload":{"local_timestamp":1721452289200,"message_id":74,"output":"^","stderr":true},"type":"standard_output"}
{"payload":{"local_timestamp":1721452289200,"message_id":75,"output":"^","stderr":true},"type":"standard_output"}
{"payload":{"local_timestamp":1721452289200,"message_id":76,"output":"^","stderr":true},"type":"standard_output"}
{"payload":{"local_timestamp":1721452289200,"message_id":77,"output":"^","stderr":true},"type":"standard_output"}
{"payload":{"local_timestamp":1721452289200,"message_id":78,"output":"^","stderr":true},"type":"standard_output"}
{"payload":{"local_timestamp":1721452289200,"message_id":79,"output":"^","stderr":true},"type":"standard_output"}
{"payload":{"local_timestamp":1721452289200,"message_id":80,"output":"^","stderr":true},"type":"standard_output"}
{"payload":{"local_timestamp":1721452289200,"message_id":81,"output":"^","stderr":true},"type":"standard_output"}
{"payload":{"local_timestamp":1721452289200,"message_id":82,"output":"^","stderr":true},"type":"standard_output"}
{"payload":{"local_timestamp":1721452289200,"message_id":83,"output":"^","stderr":true},"type":"standard_output"}
{"payload":{"local_timestamp":1721452289200,"message_id":84,"output":"^","stderr":true},"type":"standard_output"}
{"payload":{"local_timestamp":1721452289200,"message_id":85,"output":"^","stderr":true},"type":"standard_output"}
{"payload":{"local_timestamp":1721452289200,"message_id":86,"output":"^","stderr":true},"type":"standard_output"}
{"payload":{"local_timestamp":1721452289200,"message_id":87,"output":"^","stderr":true},"type":"standard_output"}
{"payload":{"local_timestamp":1721452289200,"message_id":88,"output":"^","stderr":true},"type":"standard_output"}
{"payload":{"local_timestamp":1721452289200,"message_id":89,"output":"^","stderr":true},"type":"standard_output"}
{"payload":{"local_timestamp":1721452289200,"message_id":90,"output":"^","stderr":true},"type":"standard_output"}
{"payload":{"local_timestamp":1721452289200,"message_id":91,"output":"^","stderr":true},"type":"standard_output"}
{"payload":{"local_timestamp":1721452289200,"message_id":92,"output":"^","stderr":true},"type":"standard_output"}
{"payload":{"local_timestamp":1721452289200,"message_id":93,"output":"^","stderr":true},"type":"standard_output"}
{"payload":{"local_timestamp":1721452289200,"message_id":94,"output":"^","stderr":true},"type":"standard_output"}
{"payload":{"local_timestamp":1721452289200,"message_id":95,"output":"^","stderr":true},"type":"standard_output"}
{"payload":{"local_timestamp":1721452289200,"message_id":96,"output":"^","stderr":true},"type":"standard_output"}
{"payload":{"local_timestamp":1721452289200,"message_id":97,"output":"^","stderr":true},"type":"standard_output"}
{"payload":{"local_timestamp":1721452289200,"message_id":98,"output":"^","stderr":true},"type":"standard_output"}
{"payload":{"local_timestamp":1721452289200,"message_id":99,"output":"^","stderr":true},"type":"standard_output"}
{"payload":{"local_timestamp":1721452289201,"message_id":100,"output":"^","stderr":true},"type":"standard_output"}
{"payload":{"local_timestamp":1721452289201,"message_id":101,"output":"^","stderr":true},"type":"standard_output"}
{"payload":{"local_timestamp":1721452289201,"message_id":102,"output":"\n","stderr":true},"type":"standard_output"}
{"payload":{"local_timestamp":1721452289201,"message_id":103,"output":"  File \"C:\\Users\\shun2\\Dropbox\\bootcamp\\project\\Team_Github\\yolov5-test\\utils\\loggers\\comet\\__init__.py\", line 102, in __init__\n","stderr":true},"type":"standard_output"}
{"payload":{"local_timestamp":1721452289201,"message_id":104,"output":"    ","stderr":true},"type":"standard_output"}
{"payload":{"local_timestamp":1721452289201,"message_id":105,"output":"self.data_dict = self.check_dataset(self.opt.data)","stderr":true},"type":"standard_output"}
{"payload":{"local_timestamp":1721452289201,"message_id":106,"output":"\n","stderr":true},"type":"standard_output"}
{"payload":{"local_timestamp":1721452289201,"message_id":107,"output":" ","stderr":true},"type":"standard_output"}
{"payload":{"local_timestamp":1721452289201,"message_id":108,"output":" ","stderr":true},"type":"standard_output"}
{"payload":{"local_timestamp":1721452289201,"message_id":109,"output":" ","stderr":true},"type":"standard_output"}
{"payload":{"local_timestamp":1721452289201,"message_id":110,"output":" ","stderr":true},"type":"standard_output"}
{"payload":{"local_timestamp":1721452289201,"message_id":111,"output":" ","stderr":true},"type":"standard_output"}
{"payload":{"local_timestamp":1721452289201,"message_id":112,"output":" ","stderr":true},"type":"standard_output"}
{"payload":{"local_timestamp":1721452289201,"message_id":113,"output":" ","stderr":true},"type":"standard_output"}
{"payload":{"local_timestamp":1721452289201,"message_id":114,"output":" ","stderr":true},"type":"standard_output"}
{"payload":{"local_timestamp":1721452289201,"message_id":115,"output":" ","stderr":true},"type":"standard_output"}
{"payload":{"local_timestamp":1721452289202,"message_id":116,"output":" ","stderr":true},"type":"standard_output"}
{"payload":{"local_timestamp":1721452289202,"message_id":117,"output":" ","stderr":true},"type":"standard_output"}
{"payload":{"local_timestamp":1721452289202,"message_id":118,"output":" ","stderr":true},"type":"standard_output"}
{"payload":{"local_timestamp":1721452289202,"message_id":119,"output":" ","stderr":true},"type":"standard_output"}
{"payload":{"local_timestamp":1721452289202,"message_id":120,"output":" ","stderr":true},"type":"standard_output"}
{"payload":{"local_timestamp":1721452289202,"message_id":121,"output":" ","stderr":true},"type":"standard_output"}
{"payload":{"local_timestamp":1721452289202,"message_id":122,"output":" ","stderr":true},"type":"standard_output"}
{"payload":{"local_timestamp":1721452289202,"message_id":123,"output":" ","stderr":true},"type":"standard_output"}
{"payload":{"local_timestamp":1721452289202,"message_id":124,"output":" ","stderr":true},"type":"standard_output"}
{"payload":{"local_timestamp":1721452289202,"message_id":125,"output":" ","stderr":true},"type":"standard_output"}
{"payload":{"local_timestamp":1721452289202,"message_id":126,"output":" ","stderr":true},"type":"standard_output"}
{"payload":{"local_timestamp":1721452289202,"message_id":127,"output":" ","stderr":true},"type":"standard_output"}
{"payload":{"local_timestamp":1721452289202,"message_id":128,"output":"^","stderr":true},"type":"standard_output"}
{"payload":{"local_timestamp":1721452289202,"message_id":129,"output":"^","stderr":true},"type":"standard_output"}
{"payload":{"local_timestamp":1721452289202,"message_id":130,"output":"^","stderr":true},"type":"standard_output"}
{"payload":{"local_timestamp":1721452289202,"message_id":131,"output":"^","stderr":true},"type":"standard_output"}
{"payload":{"local_timestamp":1721452289202,"message_id":132,"output":"^","stderr":true},"type":"standard_output"}
{"payload":{"local_timestamp":1721452289202,"message_id":133,"output":"^","stderr":true},"type":"standard_output"}
{"payload":{"local_timestamp":1721452289202,"message_id":134,"output":"^","stderr":true},"type":"standard_output"}
{"payload":{"local_timestamp":1721452289202,"message_id":135,"output":"^","stderr":true},"type":"standard_output"}
{"payload":{"local_timestamp":1721452289202,"message_id":136,"output":"^","stderr":true},"type":"standard_output"}
{"payload":{"local_timestamp":1721452289202,"message_id":137,"output":"^","stderr":true},"type":"standard_output"}
{"payload":{"local_timestamp":1721452289202,"message_id":138,"output":"^","stderr":true},"type":"standard_output"}
{"payload":{"local_timestamp":1721452289202,"message_id":139,"output":"^","stderr":true},"type":"standard_output"}
{"payload":{"local_timestamp":1721452289202,"message_id":140,"output":"^","stderr":true},"type":"standard_output"}
{"payload":{"local_timestamp":1721452289202,"message_id":141,"output":"^","stderr":true},"type":"standard_output"}
{"payload":{"local_timestamp":1721452289202,"message_id":142,"output":"^","stderr":true},"type":"standard_output"}
{"payload":{"local_timestamp":1721452289202,"message_id":143,"output":"^","stderr":true},"type":"standard_output"}
{"payload":{"local_timestamp":1721452289202,"message_id":144,"output":"^","stderr":true},"type":"standard_output"}
{"payload":{"local_timestamp":1721452289202,"message_id":145,"output":"^","stderr":true},"type":"standard_output"}
{"payload":{"local_timestamp":1721452289202,"message_id":146,"output":"^","stderr":true},"type":"standard_output"}
{"payload":{"local_timestamp":1721452289202,"message_id":147,"output":"^","stderr":true},"type":"standard_output"}
{"payload":{"local_timestamp":1721452289202,"message_id":148,"output":"^","stderr":true},"type":"standard_output"}
{"payload":{"local_timestamp":1721452289202,"message_id":149,"output":"^","stderr":true},"type":"standard_output"}
{"payload":{"local_timestamp":1721452289202,"message_id":150,"output":"^","stderr":true},"type":"standard_output"}
{"payload":{"local_timestamp":1721452289202,"message_id":151,"output":"^","stderr":true},"type":"standard_output"}
{"payload":{"local_timestamp":1721452289202,"message_id":152,"output":"^","stderr":true},"type":"standard_output"}
{"payload":{"local_timestamp":1721452289202,"message_id":153,"output":"^","stderr":true},"type":"standard_output"}
{"payload":{"local_timestamp":1721452289202,"message_id":154,"output":"^","stderr":true},"type":"standard_output"}
{"payload":{"local_timestamp":1721452289202,"message_id":155,"output":"^","stderr":true},"type":"standard_output"}
{"payload":{"local_timestamp":1721452289202,"message_id":156,"output":"^","stderr":true},"type":"standard_output"}
{"payload":{"local_timestamp":1721452289202,"message_id":157,"output":"^","stderr":true},"type":"standard_output"}
{"payload":{"local_timestamp":1721452289202,"message_id":158,"output":"^","stderr":true},"type":"standard_output"}
{"payload":{"local_timestamp":1721452289202,"message_id":159,"output":"^","stderr":true},"type":"standard_output"}
{"payload":{"local_timestamp":1721452289202,"message_id":160,"output":"^","stderr":true},"type":"standard_output"}
{"payload":{"local_timestamp":1721452289202,"message_id":161,"output":"\n","stderr":true},"type":"standard_output"}
{"payload":{"local_timestamp":1721452289202,"message_id":162,"output":"  File \"C:\\Users\\shun2\\Dropbox\\bootcamp\\project\\Team_Github\\yolov5-test\\utils\\loggers\\comet\\__init__.py\", line 252, in check_dataset\n","stderr":true},"type":"standard_output"}
{"payload":{"local_timestamp":1721452289203,"message_id":163,"output":"    ","stderr":true},"type":"standard_output"}
{"payload":{"local_timestamp":1721452289203,"message_id":164,"output":"data_config = yaml.safe_load(f)","stderr":true},"type":"standard_output"}
{"payload":{"local_timestamp":1721452289203,"message_id":165,"output":"\n","stderr":true},"type":"standard_output"}
{"payload":{"local_timestamp":1721452289203,"message_id":166,"output":" ","stderr":true},"type":"standard_output"}
{"payload":{"local_timestamp":1721452289203,"message_id":167,"output":" ","stderr":true},"type":"standard_output"}
{"payload":{"local_timestamp":1721452289203,"message_id":168,"output":" ","stderr":true},"type":"standard_output"}
{"payload":{"local_timestamp":1721452289203,"message_id":169,"output":" ","stderr":true},"type":"standard_output"}
{"payload":{"local_timestamp":1721452289203,"message_id":170,"output":" ","stderr":true},"type":"standard_output"}
{"payload":{"local_timestamp":1721452289203,"message_id":171,"output":" ","stderr":true},"type":"standard_output"}
{"payload":{"local_timestamp":1721452289203,"message_id":172,"output":" ","stderr":true},"type":"standard_output"}
{"payload":{"local_timestamp":1721452289203,"message_id":173,"output":" ","stderr":true},"type":"standard_output"}
{"payload":{"local_timestamp":1721452289203,"message_id":174,"output":" ","stderr":true},"type":"standard_output"}
{"payload":{"local_timestamp":1721452289203,"message_id":175,"output":" ","stderr":true},"type":"standard_output"}
{"payload":{"local_timestamp":1721452289203,"message_id":176,"output":" ","stderr":true},"type":"standard_output"}
{"payload":{"local_timestamp":1721452289203,"message_id":177,"output":" ","stderr":true},"type":"standard_output"}
{"payload":{"local_timestamp":1721452289203,"message_id":178,"output":" ","stderr":true},"type":"standard_output"}
{"payload":{"local_timestamp":1721452289203,"message_id":179,"output":" ","stderr":true},"type":"standard_output"}
{"payload":{"local_timestamp":1721452289203,"message_id":180,"output":" ","stderr":true},"type":"standard_output"}
{"payload":{"local_timestamp":1721452289203,"message_id":181,"output":" ","stderr":true},"type":"standard_output"}
{"payload":{"local_timestamp":1721452289203,"message_id":182,"output":" ","stderr":true},"type":"standard_output"}
{"payload":{"local_timestamp":1721452289203,"message_id":183,"output":" ","stderr":true},"type":"standard_output"}
{"payload":{"local_timestamp":1721452289203,"message_id":184,"output":"^","stderr":true},"type":"standard_output"}
{"payload":{"local_timestamp":1721452289203,"message_id":185,"output":"^","stderr":true},"type":"standard_output"}
{"payload":{"local_timestamp":1721452289203,"message_id":186,"output":"^","stderr":true},"type":"standard_output"}
{"payload":{"local_timestamp":1721452289203,"message_id":187,"output":"^","stderr":true},"type":"standard_output"}
{"payload":{"local_timestamp":1721452289203,"message_id":188,"output":"^","stderr":true},"type":"standard_output"}
{"payload":{"local_timestamp":1721452289203,"message_id":189,"output":"^","stderr":true},"type":"standard_output"}
{"payload":{"local_timestamp":1721452289203,"message_id":190,"output":"^","stderr":true},"type":"standard_output"}
{"payload":{"local_timestamp":1721452289203,"message_id":191,"output":"^","stderr":true},"type":"standard_output"}
{"payload":{"local_timestamp":1721452289203,"message_id":192,"output":"^","stderr":true},"type":"standard_output"}
{"payload":{"local_timestamp":1721452289203,"message_id":193,"output":"^","stderr":true},"type":"standard_output"}
{"payload":{"local_timestamp":1721452289203,"message_id":194,"output":"^","stderr":true},"type":"standard_output"}
{"payload":{"local_timestamp":1721452289203,"message_id":195,"output":"^","stderr":true},"type":"standard_output"}
{"payload":{"local_timestamp":1721452289203,"message_id":196,"output":"^","stderr":true},"type":"standard_output"}
{"payload":{"local_timestamp":1721452289203,"message_id":197,"output":"^","stderr":true},"type":"standard_output"}
{"payload":{"local_timestamp":1721452289203,"message_id":198,"output":"^","stderr":true},"type":"standard_output"}
{"payload":{"local_timestamp":1721452289203,"message_id":199,"output":"^","stderr":true},"type":"standard_output"}
{"payload":{"local_timestamp":1721452289203,"message_id":200,"output":"^","stderr":true},"type":"standard_output"}
{"payload":{"local_timestamp":1721452289204,"message_id":201,"output":"\n","stderr":true},"type":"standard_output"}
{"payload":{"local_timestamp":1721452289204,"message_id":202,"output":"  File \"C:\\Users\\shun2\\anaconda3\\envs\\yolo\\Lib\\site-packages\\yaml\\__init__.py\", line 125, in safe_load\n","stderr":true},"type":"standard_output"}
{"payload":{"local_timestamp":1721452289205,"message_id":203,"output":"    ","stderr":true},"type":"standard_output"}
{"payload":{"local_timestamp":1721452289205,"message_id":204,"output":"return load(stream, SafeLoader)","stderr":true},"type":"standard_output"}
{"payload":{"local_timestamp":1721452289205,"message_id":205,"output":"\n","stderr":true},"type":"standard_output"}
{"payload":{"local_timestamp":1721452289206,"message_id":206,"output":" ","stderr":true},"type":"standard_output"}
{"payload":{"local_timestamp":1721452289206,"message_id":207,"output":" ","stderr":true},"type":"standard_output"}
{"payload":{"local_timestamp":1721452289206,"message_id":208,"output":" ","stderr":true},"type":"standard_output"}
{"payload":{"local_timestamp":1721452289206,"message_id":209,"output":" ","stderr":true},"type":"standard_output"}
{"payload":{"local_timestamp":1721452289206,"message_id":210,"output":" ","stderr":true},"type":"standard_output"}
{"payload":{"local_timestamp":1721452289206,"message_id":211,"output":" ","stderr":true},"type":"standard_output"}
{"payload":{"local_timestamp":1721452289206,"message_id":212,"output":" ","stderr":true},"type":"standard_output"}
{"payload":{"local_timestamp":1721452289206,"message_id":213,"output":" ","stderr":true},"type":"standard_output"}
{"payload":{"local_timestamp":1721452289206,"message_id":214,"output":" ","stderr":true},"type":"standard_output"}
{"payload":{"local_timestamp":1721452289206,"message_id":215,"output":" ","stderr":true},"type":"standard_output"}
{"payload":{"local_timestamp":1721452289206,"message_id":216,"output":" ","stderr":true},"type":"standard_output"}
{"payload":{"local_timestamp":1721452289206,"message_id":217,"output":"^","stderr":true},"type":"standard_output"}
{"payload":{"local_timestamp":1721452289206,"message_id":218,"output":"^","stderr":true},"type":"standard_output"}
{"payload":{"local_timestamp":1721452289206,"message_id":219,"output":"^","stderr":true},"type":"standard_output"}
{"payload":{"local_timestamp":1721452289206,"message_id":220,"output":"^","stderr":true},"type":"standard_output"}
{"payload":{"local_timestamp":1721452289206,"message_id":221,"output":"^","stderr":true},"type":"standard_output"}
{"payload":{"local_timestamp":1721452289206,"message_id":222,"output":"^","stderr":true},"type":"standard_output"}
{"payload":{"local_timestamp":1721452289206,"message_id":223,"output":"^","stderr":true},"type":"standard_output"}
{"payload":{"local_timestamp":1721452289206,"message_id":224,"output":"^","stderr":true},"type":"standard_output"}
{"payload":{"local_timestamp":1721452289206,"message_id":225,"output":"^","stderr":true},"type":"standard_output"}
{"payload":{"local_timestamp":1721452289206,"message_id":226,"output":"^","stderr":true},"type":"standard_output"}
{"payload":{"local_timestamp":1721452289206,"message_id":227,"output":"^","stderr":true},"type":"standard_output"}
{"payload":{"local_timestamp":1721452289206,"message_id":228,"output":"^","stderr":true},"type":"standard_output"}
{"payload":{"local_timestamp":1721452289206,"message_id":229,"output":"^","stderr":true},"type":"standard_output"}
{"payload":{"local_timestamp":1721452289206,"message_id":230,"output":"^","stderr":true},"type":"standard_output"}
{"payload":{"local_timestamp":1721452289206,"message_id":231,"output":"^","stderr":true},"type":"standard_output"}
{"payload":{"local_timestamp":1721452289206,"message_id":232,"output":"^","stderr":true},"type":"standard_output"}
{"payload":{"local_timestamp":1721452289206,"message_id":233,"output":"^","stderr":true},"type":"standard_output"}
{"payload":{"local_timestamp":1721452289206,"message_id":234,"output":"^","stderr":true},"type":"standard_output"}
{"payload":{"local_timestamp":1721452289206,"message_id":235,"output":"^","stderr":true},"type":"standard_output"}
{"payload":{"local_timestamp":1721452289206,"message_id":236,"output":"^","stderr":true},"type":"standard_output"}
{"payload":{"local_timestamp":1721452289206,"message_id":237,"output":"^","stderr":true},"type":"standard_output"}
{"payload":{"local_timestamp":1721452289206,"message_id":238,"output":"^","stderr":true},"type":"standard_output"}
{"payload":{"local_timestamp":1721452289206,"message_id":239,"output":"^","stderr":true},"type":"standard_output"}
{"payload":{"local_timestamp":1721452289206,"message_id":240,"output":"^","stderr":true},"type":"standard_output"}
{"payload":{"local_timestamp":1721452289206,"message_id":241,"output":"\n","stderr":true},"type":"standard_output"}
{"payload":{"local_timestamp":1721452289206,"message_id":242,"output":"  File \"C:\\Users\\shun2\\anaconda3\\envs\\yolo\\Lib\\site-packages\\yaml\\__init__.py\", line 79, in load\n","stderr":true},"type":"standard_output"}
{"payload":{"local_timestamp":1721452289207,"message_id":243,"output":"    ","stderr":true},"type":"standard_output"}
{"payload":{"local_timestamp":1721452289207,"message_id":244,"output":"loader = Loader(stream)","stderr":true},"type":"standard_output"}
{"payload":{"local_timestamp":1721452289207,"message_id":245,"output":"\n","stderr":true},"type":"standard_output"}
{"payload":{"local_timestamp":1721452289207,"message_id":246,"output":" ","stderr":true},"type":"standard_output"}
{"payload":{"local_timestamp":1721452289207,"message_id":247,"output":" ","stderr":true},"type":"standard_output"}
{"payload":{"local_timestamp":1721452289207,"message_id":248,"output":" ","stderr":true},"type":"standard_output"}
{"payload":{"local_timestamp":1721452289207,"message_id":249,"output":" ","stderr":true},"type":"standard_output"}
{"payload":{"local_timestamp":1721452289207,"message_id":250,"output":" ","stderr":true},"type":"standard_output"}
{"payload":{"local_timestamp":1721452289207,"message_id":251,"output":" ","stderr":true},"type":"standard_output"}
{"payload":{"local_timestamp":1721452289207,"message_id":252,"output":" ","stderr":true},"type":"standard_output"}
{"payload":{"local_timestamp":1721452289207,"message_id":253,"output":" ","stderr":true},"type":"standard_output"}
{"payload":{"local_timestamp":1721452289207,"message_id":254,"output":" ","stderr":true},"type":"standard_output"}
{"payload":{"local_timestamp":1721452289207,"message_id":255,"output":" ","stderr":true},"type":"standard_output"}
{"payload":{"local_timestamp":1721452289207,"message_id":256,"output":" ","stderr":true},"type":"standard_output"}
{"payload":{"local_timestamp":1721452289207,"message_id":257,"output":" ","stderr":true},"type":"standard_output"}
{"payload":{"local_timestamp":1721452289207,"message_id":258,"output":" ","stderr":true},"type":"standard_output"}
{"payload":{"local_timestamp":1721452289207,"message_id":259,"output":"^","stderr":true},"type":"standard_output"}
{"payload":{"local_timestamp":1721452289207,"message_id":260,"output":"^","stderr":true},"type":"standard_output"}
{"payload":{"local_timestamp":1721452289207,"message_id":261,"output":"^","stderr":true},"type":"standard_output"}
{"payload":{"local_timestamp":1721452289207,"message_id":262,"output":"^","stderr":true},"type":"standard_output"}
{"payload":{"local_timestamp":1721452289207,"message_id":263,"output":"^","stderr":true},"type":"standard_output"}
{"payload":{"local_timestamp":1721452289207,"message_id":264,"output":"^","stderr":true},"type":"standard_output"}
{"payload":{"local_timestamp":1721452289207,"message_id":265,"output":"^","stderr":true},"type":"standard_output"}
{"payload":{"local_timestamp":1721452289207,"message_id":266,"output":"^","stderr":true},"type":"standard_output"}
{"payload":{"local_timestamp":1721452289207,"message_id":267,"output":"^","stderr":true},"type":"standard_output"}
{"payload":{"local_timestamp":1721452289207,"message_id":268,"output":"^","stderr":true},"type":"standard_output"}
{"payload":{"local_timestamp":1721452289207,"message_id":269,"output":"^","stderr":true},"type":"standard_output"}
{"payload":{"local_timestamp":1721452289207,"message_id":270,"output":"^","stderr":true},"type":"standard_output"}
{"payload":{"local_timestamp":1721452289207,"message_id":271,"output":"^","stderr":true},"type":"standard_output"}
{"payload":{"local_timestamp":1721452289207,"message_id":272,"output":"^","stderr":true},"type":"standard_output"}
{"payload":{"local_timestamp":1721452289208,"message_id":273,"output":"\n","stderr":true},"type":"standard_output"}
{"payload":{"local_timestamp":1721452289208,"message_id":274,"output":"  File \"C:\\Users\\shun2\\anaconda3\\envs\\yolo\\Lib\\site-packages\\yaml\\loader.py\", line 34, in __init__\n","stderr":true},"type":"standard_output"}
{"payload":{"local_timestamp":1721452289208,"message_id":275,"output":"    ","stderr":true},"type":"standard_output"}
{"payload":{"local_timestamp":1721452289208,"message_id":276,"output":"Reader.__init__(self, stream)","stderr":true},"type":"standard_output"}
{"payload":{"local_timestamp":1721452289210,"message_id":277,"output":"\n","stderr":true},"type":"standard_output"}
{"payload":{"local_timestamp":1721452289210,"message_id":278,"output":"  File \"C:\\Users\\shun2\\anaconda3\\envs\\yolo\\Lib\\site-packages\\yaml\\reader.py\", line 85, in __init__\n","stderr":true},"type":"standard_output"}
{"payload":{"local_timestamp":1721452289210,"message_id":279,"metric":{"epoch":null,"metricName":"sys.gpu.0.gpu_utilization","metricValue":0,"step":null}},"type":"metric_msg"}
{"payload":{"local_timestamp":1721452289210,"message_id":280,"metric":{"epoch":null,"metricName":"sys.gpu.0.power_usage","metricValue":19459,"step":null}},"type":"metric_msg"}
{"payload":{"local_timestamp":1721452289210,"message_id":281,"metric":{"epoch":null,"metricName":"sys.gpu.0.temperature","metricValue":52,"step":null}},"type":"metric_msg"}
{"payload":{"local_timestamp":1721452289210,"message_id":282,"metric":{"epoch":null,"metricName":"sys.gpu.0.memory_utilization","metricValue":15,"step":null}},"type":"metric_msg"}
{"payload":{"local_timestamp":1721452289210,"message_id":283,"metric":{"epoch":null,"metricName":"sys.gpu.0.free_memory","metricValue":6642880512,"step":null}},"type":"metric_msg"}
{"payload":{"local_timestamp":1721452289210,"message_id":284,"metric":{"epoch":null,"metricName":"sys.gpu.0.used_memory","metricValue":1947054080,"step":null}},"type":"metric_msg"}
{"payload":{"local_timestamp":1721452289210,"message_id":285,"metric":{"epoch":null,"metricName":"sys.gpu.0.percent.used_memory","metricValue":22.66669273376465,"step":null}},"type":"metric_msg"}
{"payload":{"local_timestamp":1721452289211,"message_id":286,"output":"    ","stderr":true},"type":"standard_output"}
{"payload":{"local_timestamp":1721452289211,"message_id":287,"output":"self.determine_encoding()","stderr":true},"type":"standard_output"}
{"payload":{"local_timestamp":1721452289211,"message_id":288,"output":"\n","stderr":true},"type":"standard_output"}
{"payload":{"local_timestamp":1721452289211,"message_id":289,"output":"  File \"C:\\Users\\shun2\\anaconda3\\envs\\yolo\\Lib\\site-packages\\yaml\\reader.py\", line 124, in determine_encoding\n","stderr":true},"type":"standard_output"}
{"payload":{"local_timestamp":1721452289212,"message_id":290,"output":"    ","stderr":true},"type":"standard_output"}
{"payload":{"local_timestamp":1721452289212,"message_id":291,"output":"self.update_raw()","stderr":true},"type":"standard_output"}
{"payload":{"local_timestamp":1721452289212,"message_id":292,"output":"\n","stderr":true},"type":"standard_output"}
{"payload":{"local_timestamp":1721452289212,"message_id":293,"output":"  File \"C:\\Users\\shun2\\anaconda3\\envs\\yolo\\Lib\\site-packages\\yaml\\reader.py\", line 178, in update_raw\n","stderr":true},"type":"standard_output"}
{"payload":{"local_timestamp":1721452289213,"message_id":294,"output":"    ","stderr":true},"type":"standard_output"}
{"payload":{"local_timestamp":1721452289213,"message_id":295,"output":"data = self.stream.read(size)","stderr":true},"type":"standard_output"}
{"payload":{"local_timestamp":1721452289214,"message_id":296,"output":"\n","stderr":true},"type":"standard_output"}
{"payload":{"local_timestamp":1721452289214,"message_id":297,"output":" ","stderr":true},"type":"standard_output"}
{"payload":{"local_timestamp":1721452289214,"message_id":298,"output":" ","stderr":true},"type":"standard_output"}
{"payload":{"local_timestamp":1721452289214,"message_id":299,"output":" ","stderr":true},"type":"standard_output"}
{"payload":{"local_timestamp":1721452289214,"message_id":300,"output":" ","stderr":true},"type":"standard_output"}
{"payload":{"local_timestamp":1721452289214,"message_id":301,"output":" ","stderr":true},"type":"standard_output"}
{"payload":{"local_timestamp":1721452289214,"message_id":302,"output":" ","stderr":true},"type":"standard_output"}
{"payload":{"local_timestamp":1721452289214,"message_id":303,"output":" ","stderr":true},"type":"standard_output"}
{"payload":{"local_timestamp":1721452289214,"message_id":304,"output":" ","stderr":true},"type":"standard_output"}
{"payload":{"local_timestamp":1721452289214,"message_id":305,"output":" ","stderr":true},"type":"standard_output"}
{"payload":{"local_timestamp":1721452289214,"message_id":306,"output":" ","stderr":true},"type":"standard_output"}
{"payload":{"local_timestamp":1721452289214,"message_id":307,"output":" ","stderr":true},"type":"standard_output"}
{"payload":{"local_timestamp":1721452289214,"message_id":308,"output":"^","stderr":true},"type":"standard_output"}
{"payload":{"local_timestamp":1721452289214,"message_id":309,"output":"^","stderr":true},"type":"standard_output"}
{"payload":{"local_timestamp":1721452289214,"message_id":310,"output":"^","stderr":true},"type":"standard_output"}
{"payload":{"local_timestamp":1721452289214,"message_id":311,"output":"^","stderr":true},"type":"standard_output"}
{"payload":{"local_timestamp":1721452289214,"message_id":312,"output":"^","stderr":true},"type":"standard_output"}
{"payload":{"local_timestamp":1721452289214,"message_id":313,"output":"^","stderr":true},"type":"standard_output"}
{"payload":{"local_timestamp":1721452289214,"message_id":314,"output":"^","stderr":true},"type":"standard_output"}
{"payload":{"local_timestamp":1721452289214,"message_id":315,"output":"^","stderr":true},"type":"standard_output"}
{"payload":{"local_timestamp":1721452289214,"message_id":316,"output":"^","stderr":true},"type":"standard_output"}
{"payload":{"local_timestamp":1721452289214,"message_id":317,"output":"^","stderr":true},"type":"standard_output"}
{"payload":{"local_timestamp":1721452289214,"message_id":318,"output":"^","stderr":true},"type":"standard_output"}
{"payload":{"local_timestamp":1721452289214,"message_id":319,"output":"^","stderr":true},"type":"standard_output"}
{"payload":{"local_timestamp":1721452289214,"message_id":320,"output":"^","stderr":true},"type":"standard_output"}
{"payload":{"local_timestamp":1721452289214,"message_id":321,"output":"^","stderr":true},"type":"standard_output"}
{"payload":{"local_timestamp":1721452289214,"message_id":322,"output":"^","stderr":true},"type":"standard_output"}
{"payload":{"local_timestamp":1721452289214,"message_id":323,"output":"^","stderr":true},"type":"standard_output"}
{"payload":{"local_timestamp":1721452289214,"message_id":324,"output":"^","stderr":true},"type":"standard_output"}
{"payload":{"local_timestamp":1721452289214,"message_id":325,"output":"^","stderr":true},"type":"standard_output"}
{"payload":{"local_timestamp":1721452289214,"message_id":326,"output":"^","stderr":true},"type":"standard_output"}
{"payload":{"local_timestamp":1721452289214,"message_id":327,"output":"^","stderr":true},"type":"standard_output"}
{"payload":{"local_timestamp":1721452289214,"message_id":328,"output":"^","stderr":true},"type":"standard_output"}
{"payload":{"local_timestamp":1721452289214,"message_id":329,"output":"^","stderr":true},"type":"standard_output"}
{"payload":{"local_timestamp":1721452289214,"message_id":330,"output":"\n","stderr":true},"type":"standard_output"}
{"payload":{"local_timestamp":1721452289214,"message_id":331,"output":"UnicodeDecodeError","stderr":true},"type":"standard_output"}
{"payload":{"local_timestamp":1721452289214,"message_id":332,"output":": ","stderr":true},"type":"standard_output"}
{"payload":{"local_timestamp":1721452289214,"message_id":333,"output":"'cp949' codec can't decode byte 0xed in position 78: illegal multibyte sequence","stderr":true},"type":"standard_output"}
{"payload":{"local_timestamp":1721452289214,"message_id":334,"output":"\n","stderr":true},"type":"standard_output"}
{"payload":{"local_timestamp":1721452289215,"message_id":335,"output":"\u001b[1;38;5;39mCOMET INFO:\u001b[0m The process of logging environment details (conda environment, git patch) is underway. Please be patient as this may take some time.\n","stderr":true},"type":"standard_output"}
{"payload":{"git_metadata":{"branch":"refs/heads/main","origin":"https://github.com/MarlinSiraegi/yolov5-test.git","parent":"69eefd6058adb81b257e977e38bce73d84473871","repo_name":"yolov5-test","root":"69eefd6058adb81b257e977e38bce73d84473871","status":null,"user":"MarlinSiraegi"},"message_id":336},"type":"git_metadata"}
{"payload":{"local_timestamp":1721452289676,"message_id":337,"metric":{"epoch":null,"metricName":"sys.cpu.percent.avg","metricValue":0.0,"step":null}},"type":"metric_msg"}
{"payload":{"local_timestamp":1721452289676,"message_id":338,"metric":{"epoch":null,"metricName":"sys.ram.total","metricValue":17054584832,"step":null}},"type":"metric_msg"}
{"payload":{"local_timestamp":1721452289676,"message_id":339,"metric":{"epoch":null,"metricName":"sys.ram.used","metricValue":12590120960,"step":null}},"type":"metric_msg"}
{"payload":{"local_timestamp":1721452289676,"message_id":340,"metric":{"epoch":null,"metricName":"sys.ram.available","metricValue":4464463872,"step":null}},"type":"metric_msg"}
{"payload":{"local_timestamp":1721452289676,"message_id":341,"metric":{"epoch":null,"metricName":"sys.ram.percent.used","metricValue":73.8,"step":null}},"type":"metric_msg"}
{"payload":{"local_timestamp":1721452289676,"message_id":342,"metric":{"epoch":null,"metricName":"sys.load.avg","metricValue":0.0,"step":null}},"type":"metric_msg"}
{"payload":{"additional_params":{"assetId":"e22081705d264b1bace55629cb258884","context":null,"epoch":null,"extension":"yml","fileName":"conda-environment.yml","overwrite":false,"runId":null,"step":null,"type":"conda-environment-definition"},"clean":true,"file_path":"tmp6o0gq1un","local_timestamp":1721452291791,"message_id":343,"metadata":{},"upload_type":"conda-environment-definition"},"type":"file_upload"}
{"payload":{"additional_params":{"assetId":"d2e4caa6d67b45cbae93495baf1f37a7","context":null,"epoch":null,"extension":"txt","fileName":"conda-spec.txt","overwrite":false,"runId":null,"step":null,"type":"conda-specification"},"clean":true,"file_path":"tmp8cyfrmh4","local_timestamp":1721452292915,"message_id":344,"metadata":{},"upload_type":"conda-specification"},"type":"file_upload"}
{"payload":{"additional_params":{"assetId":"d9395399a548424a8a7f5bb8f9dfe941","context":null,"epoch":null,"extension":"yml","fileName":"conda-info.yml","overwrite":false,"runId":null,"step":null,"type":"conda-info"},"clean":true,"file_path":"tmpyvgwrbpw","local_timestamp":1721452294445,"message_id":345,"metadata":{},"upload_type":"conda-info"},"type":"file_upload"}
{"payload":{"local_timestamp":1721452294444,"message_id":346,"output":"\u001b[1;38;5;39mCOMET INFO:\u001b[0m ---------------------------------------------------------------------------------------\n","stderr":true},"type":"standard_output"}
{"payload":{"local_timestamp":1721452294444,"message_id":347,"output":"\u001b[1;38;5;39mCOMET INFO:\u001b[0m Comet.ml OfflineExperiment Summary\n","stderr":true},"type":"standard_output"}
{"payload":{"local_timestamp":1721452294444,"message_id":348,"output":"\u001b[1;38;5;39mCOMET INFO:\u001b[0m ---------------------------------------------------------------------------------------\n","stderr":true},"type":"standard_output"}
{"payload":{"local_timestamp":1721452294445,"message_id":349,"output":"\u001b[1;38;5;39mCOMET INFO:\u001b[0m   Data:\n","stderr":true},"type":"standard_output"}
{"payload":{"local_timestamp":1721452294445,"message_id":350,"output":"\u001b[1;38;5;39mCOMET INFO:\u001b[0m     display_summary_level : 1\n","stderr":true},"type":"standard_output"}
{"payload":{"local_timestamp":1721452294445,"message_id":351,"output":"\u001b[1;38;5;39mCOMET INFO:\u001b[0m     name                  : exp\n","stderr":true},"type":"standard_output"}
{"payload":{"local_timestamp":1721452294445,"message_id":352,"output":"\u001b[1;38;5;39mCOMET INFO:\u001b[0m     url                   : [OfflineExperiment will get URL after upload]\n","stderr":true},"type":"standard_output"}
{"payload":{"local_timestamp":1721452294445,"message_id":353,"output":"\u001b[1;38;5;39mCOMET INFO:\u001b[0m   Others:\n","stderr":true},"type":"standard_output"}
{"payload":{"local_timestamp":1721452294446,"message_id":354,"output":"\u001b[1;38;5;39mCOMET INFO:\u001b[0m     Name               : exp\n","stderr":true},"type":"standard_output"}
{"payload":{"local_timestamp":1721452294446,"message_id":355,"output":"\u001b[1;38;5;39mCOMET INFO:\u001b[0m     offline_experiment : True\n","stderr":true},"type":"standard_output"}
{"payload":{"local_timestamp":1721452294446,"message_id":356,"output":"\u001b[1;38;5;39mCOMET INFO:\u001b[0m   Uploads:\n","stderr":true},"type":"standard_output"}
{"payload":{"local_timestamp":1721452294446,"message_id":357,"output":"\u001b[1;38;5;39mCOMET INFO:\u001b[0m     conda-environment-definition : 1\n","stderr":true},"type":"standard_output"}
{"payload":{"local_timestamp":1721452294446,"message_id":358,"output":"\u001b[1;38;5;39mCOMET INFO:\u001b[0m     conda-info                   : 1\n","stderr":true},"type":"standard_output"}
{"payload":{"local_timestamp":1721452294447,"message_id":359,"output":"\u001b[1;38;5;39mCOMET INFO:\u001b[0m     conda-specification          : 1\n","stderr":true},"type":"standard_output"}
{"payload":{"local_timestamp":1721452294447,"message_id":360,"output":"\u001b[1;38;5;39mCOMET INFO:\u001b[0m     environment details          : 1\n","stderr":true},"type":"standard_output"}
{"payload":{"local_timestamp":1721452294447,"message_id":361,"output":"\u001b[1;38;5;39mCOMET INFO:\u001b[0m     git metadata                 : 1\n","stderr":true},"type":"standard_output"}
{"payload":{"local_timestamp":1721452294447,"message_id":362,"output":"\u001b[1;38;5;39mCOMET INFO:\u001b[0m     installed packages           : 1\n","stderr":true},"type":"standard_output"}
{"payload":{"local_timestamp":1721452294448,"message_id":363,"output":"\u001b[1;38;5;39mCOMET INFO:\u001b[0m \n","stderr":true},"type":"standard_output"}
